<?xml version="1.0" encoding="UTF-8"?>
<project-private xmlns="http://www.netbeans.org/ns/project-private/1">
    <editor-bookmarks xmlns="http://www.netbeans.org/ns/editor-bookmarks/2" lastBookmarkId="0"/>
    <open-files xmlns="http://www.netbeans.org/ns/projectui-open-files/2">
        <group>
            <file>file:/C:/Users/agust/Desktop/Facultad/Progra%202/Práctica/Ejercicios_clase_NetBeans/parcial/src/parcial/ManejoRestaurante.java</file>
            <file>file:/C:/Users/agust/Desktop/Facultad/Progra%202/Práctica/Ejercicios_clase_NetBeans/parcial/src/parcial/Preparacion.java</file>
            <file>file:/C:/Users/agust/Desktop/Facultad/Progra%202/Práctica/Ejercicios_clase_NetBeans/parcial/src/parcial/Decoracion.java</file>
            <file>file:/C:/Users/agust/Desktop/Facultad/Progra%202/Práctica/Ejercicios_clase_NetBeans/parcial/src/parcial/mismoNombreYComidaException.java</file>
            <file>file:/C:/Users/agust/Desktop/Facultad/Progra%202/Práctica/Ejercicios_clase_NetBeans/parcial/src/parcial/TipoPreparacion.java</file>
            <file>file:/C:/Users/agust/Desktop/Facultad/Progra%202/Práctica/Ejercicios_clase_NetBeans/parcial/src/parcial/Plato.java</file>
            <file>file:/C:/Users/agust/Desktop/Facultad/Progra%202/Práctica/Ejercicios_clase_NetBeans/parcial/src/parcial/Entrada.java</file>
            <file>file:/C:/Users/agust/Desktop/Facultad/Progra%202/Práctica/Ejercicios_clase_NetBeans/parcial/src/parcial/Restaurante.java</file>
            <file>file:/C:/Users/agust/Desktop/Facultad/Progra%202/Práctica/Ejercicios_clase_NetBeans/parcial/src/parcial/PlatoPrincipal.java</file>
            <file>file:/C:/Users/agust/Desktop/Facultad/Progra%202/Práctica/Ejercicios_clase_NetBeans/parcial/src/parcial/Postre.java</file>
        </group>
    </open-files>
</project-private>
